[{"fields": {"default_items": [53, 54, 55, 56], "desc_footer": "You look around the room and notice the door to the East.", "door_east": 49, "title": "Attic", "desc_header": "You wake up in a dimly lit room, not entirely sure where you are         or how you got there. The paint on the walls is cracked and peeling,         yellowed stains stretching from the ceiling to the floor.         The curtains hang tattered, light from the sunset casting shadows across the floor.", "door_south": null, "door_north": null, "door_west": null, "illuminated": true}, "model": "gameworld.room", "pk": "start"}, {"fields": {"default_items": [57, 58, 59, 60, 61, 62], "desc_footer": "You cast your gaze around the room and         take note of the four doors. The West door has a set of stairs beyond         and leads to the attic. There are three other doors, one to the North,         one to the South and one to the East.", "door_east": 52, "title": "Second floor", "desc_header": "You walk down the stairs and         into the next room.", "door_south": 51, "door_north": 50, "door_west": 49, "illuminated": true}, "model": "gameworld.room", "pk": "room2"}, {"fields": {"default_items": [], "desc_footer": "There are several tables pressed up against the walls. There are many books         that have been left negligently around the room that are wormeaten         and moldy. There's a wooden box on one of the tables.", "door_east": null, "title": "A study", "desc_header": "You enter the North room.", "door_south": 50, "door_north": null, "door_west": null, "illuminated": true}, "model": "gameworld.room", "pk": "northroom"}, {"fields": {"default_items": [], "desc_footer": "", "door_east": null, "title": "A bedroom", "desc_header": "", "door_south": null, "door_north": 51, "door_west": null, "illuminated": true}, "model": "gameworld.room", "pk": "room3"}, {"fields": {"default_items": [], "desc_footer": "", "door_east": null, "title": "Dark", "desc_header": "It's completely dark. You can't see a     thing apart from the door you just came from, not even the walls.", "door_south": null, "door_north": null, "door_west": 52, "illuminated": true}, "model": "gameworld.room", "pk": "eastroom"}, {"fields": {"room_b": "room2", "room_a": "start", "locked": false}, "model": "gameworld.door", "pk": 49}, {"fields": {"room_b": "northroom", "room_a": "room2", "locked": true}, "model": "gameworld.door", "pk": 50}, {"fields": {"room_b": "room3", "room_a": "room2", "locked": true}, "model": "gameworld.door", "pk": 51}, {"fields": {"room_b": "eastroom", "room_a": "room2", "locked": true}, "model": "gameworld.door", "pk": 52}, {"fields": {"default_state": 0, "name": "Door: start to room2", "pickupable": false}, "model": "gameworld.fixeditem", "pk": 49}, {"fields": {"default_state": 0, "name": "Door: room2 to northroom", "pickupable": false}, "model": "gameworld.fixeditem", "pk": 50}, {"fields": {"default_state": 0, "name": "Door: room2 to room3", "pickupable": false}, "model": "gameworld.fixeditem", "pk": 51}, {"fields": {"default_state": 0, "name": "Door: room2 to eastroom", "pickupable": false}, "model": "gameworld.fixeditem", "pk": 52}, {"fields": {"default_state": 0, "name": "window", "pickupable": false}, "model": "gameworld.fixeditem", "pk": 53}, {"fields": {"default_state": 0, "name": "painting", "pickupable": false}, "model": "gameworld.fixeditem", "pk": 54}, {"fields": {"default_state": 0, "name": "lighter", "pickupable": true}, "model": "gameworld.fixeditem", "pk": 55}, {"fields": {"default_state": 0, "name": "key", "pickupable": true}, "model": "gameworld.fixeditem", "pk": 56}, {"fields": {"default_state": 0, "name": "desk", "pickupable": false}, "model": "gameworld.fixeditem", "pk": 57}, {"fields": {"default_state": 0, "name": "red key", "pickupable": true}, "model": "gameworld.fixeditem", "pk": 58}, {"fields": {"default_state": 0, "name": "cabinet", "pickupable": false}, "model": "gameworld.fixeditem", "pk": 59}, {"fields": {"default_state": 0, "name": "rusty key", "pickupable": true}, "model": "gameworld.fixeditem", "pk": 60}, {"fields": {"default_state": 0, "name": "vase", "pickupable": false}, "model": "gameworld.fixeditem", "pk": 61}, {"fields": {"default_state": 0, "name": "blue key", "pickupable": true}, "model": "gameworld.fixeditem", "pk": 62}, {"fields": {"item": 53, "state": 0, "hidden": false, "short_desc": "There is a window to the South.", "examine": "The window faces         South. It's dirty and cracked, but you can look through it easily enough.         The sun is setting over the forest below."}, "model": "gameworld.itemusestate", "pk": 69}, {"fields": {"item": 54, "state": 0, "hidden": false, "short_desc": "There's a painting on the North wall.", "examine": "The         painting hangs crookedly and is extremely ugly, the colors are mottled         and grotesque. You can't even understand the actual forms on the         canvas. The left side of the frame is a quarter-inch away from the         wall, but the right side is flush with it."}, "model": "gameworld.itemusestate", "pk": 70}, {"fields": {"item": 54, "state": 1, "hidden": false, "short_desc": "There's a painting on the North wall.", "examine": "The         painting hangs crookedly and is extremely ugly, the colors are mottled         and grotesque. You can't even understand the actual forms on the         canvas. There's a key taped to the back of the painting."}, "model": "gameworld.itemusestate", "pk": 71}, {"fields": {"item": 55, "state": 0, "hidden": false, "short_desc": "There's a lighter on the floor.", "examine": "It's a plain lighter."}, "model": "gameworld.itemusestate", "pk": 72}, {"fields": {"item": 56, "state": 0, "hidden": true, "short_desc": "a key", "examine": ""}, "model": "gameworld.itemusestate", "pk": 73}, {"fields": {"item": 56, "state": 1, "hidden": false, "short_desc": "There's a key taped to the back of the painting.", "examine": "It's small and worn."}, "model": "gameworld.itemusestate", "pk": 74}, {"fields": {"item": 57, "state": 0, "hidden": false, "short_desc": "There's a desk next to the North door.", "examine": "The desk has three drawers: one on the left, one on the right,         and one in the very middle. The right drawer is jammed shut."}, "model": "gameworld.itemusestate", "pk": 75}, {"fields": {"item": 57, "state": 1, "hidden": false, "short_desc": "There's a desk next to the North door.", "examine": "The desk has three drawers. The left drawer is open. The         right drawer is jammed shut."}, "model": "gameworld.itemusestate", "pk": 76}, {"fields": {"item": 57, "state": 10, "hidden": false, "short_desc": "There's a desk next to the North door.", "examine": "The         desk has three drawers. The middle drawer is open. The right drawer         is jammed shut."}, "model": "gameworld.itemusestate", "pk": 77}, {"fields": {"item": 57, "state": 11, "hidden": false, "short_desc": "There's a desk next to the North door.", "examine": "The         desk has three drawers. The left drawer and the middle drawer are open.         The right drawer is jammed shut."}, "model": "gameworld.itemusestate", "pk": 78}, {"fields": {"item": 58, "state": 0, "hidden": true, "short_desc": "a red key", "examine": ""}, "model": "gameworld.itemusestate", "pk": 79}, {"fields": {"item": 58, "state": 1, "hidden": false, "short_desc": "There's a red key in the middle drawer.", "examine": "It's painted red."}, "model": "gameworld.itemusestate", "pk": 80}, {"fields": {"item": 59, "state": 0, "hidden": false, "short_desc": "There's a cabinet in the corner of the room.", "examine": "A pair of doors is set in the front."}, "model": "gameworld.itemusestate", "pk": 81}, {"fields": {"item": 59, "state": 1, "hidden": false, "short_desc": "There's a cabinet in the corner of the room.", "examine": "The cabinet is open."}, "model": "gameworld.itemusestate", "pk": 82}, {"fields": {"item": 60, "state": 0, "hidden": true, "short_desc": "a rusty key", "examine": ""}, "model": "gameworld.itemusestate", "pk": 83}, {"fields": {"item": 60, "state": 1, "hidden": false, "short_desc": "There's a rusty key inside the cabinet.", "examine": "It looks like it fits that door to the south."}, "model": "gameworld.itemusestate", "pk": 84}, {"fields": {"item": 61, "state": 0, "hidden": false, "short_desc": "A vase full of long-dead flowers sits on top of the cabinet.", "examine": "There's no water in the vase, and upon picking it up, all the         flowers fall apart."}, "model": "gameworld.itemusestate", "pk": 85}, {"fields": {"item": 61, "state": 1, "hidden": false, "short_desc": "A vase sits on top of the cabinet.", "examine": "The vase is empty."}, "model": "gameworld.itemusestate", "pk": 86}, {"fields": {"item": 62, "state": 0, "hidden": true, "short_desc": "a blue key", "examine": ""}, "model": "gameworld.itemusestate", "pk": 87}, {"fields": {"item": 62, "state": 1, "hidden": false, "short_desc": "Another key, painted blue, was hidden inside the vase.", "examine": "The East door looks like it might have been blue once."}, "model": "gameworld.itemusestate", "pk": 88}, {"fields": {"use_pattern": "^\\s*look\\s+behind|lift\\s+(.+)\\s*$", "use_message": "You lift the painting away from the wall. There's a key taped to the back.", "item_change": 71, "item_use_state": 70}, "model": "gameworld.abstractuseitem", "pk": 39}, {"fields": {"use_pattern": "^\\s*look\\s+behind|lift\\s+(.+)\\s*$", "use_message": "There's nothing else behind the painting.", "item_change": null, "item_use_state": 71}, "model": "gameworld.abstractuseitem", "pk": 40}, {"fields": {"use_pattern": "^\\s*open\\s+left\\s+drawer\\s*$", "use_message": "There's a spare light bulb in the drawer.", "item_change": 76, "item_use_state": 75}, "model": "gameworld.abstractuseitem", "pk": 41}, {"fields": {"use_pattern": "^\\s*open\\s+middle\\s+drawer\\s*$", "use_message": "There's another key inside, this one painted red.", "item_change": 77, "item_use_state": 75}, "model": "gameworld.abstractuseitem", "pk": 42}, {"fields": {"use_pattern": "^\\s*open\\s+left\\s+drawer\\s*$", "use_message": "There's a spare light bulb in the drawer.", "item_change": 78, "item_use_state": 77}, "model": "gameworld.abstractuseitem", "pk": 43}, {"fields": {"use_pattern": "^\\s*open\\s+middle\\s+drawer\\s*$", "use_message": "There's another key inside, this one painted red.", "item_change": 78, "item_use_state": 76}, "model": "gameworld.abstractuseitem", "pk": 44}, {"fields": {"use_pattern": "^\\s*open\\s+(.+)(\\s+doors)?\\s*$", "use_message": "There's a rusty key inside.", "item_change": 82, "item_use_state": 81}, "model": "gameworld.abstractuseitem", "pk": 45}, {"fields": {"use_pattern": "^\\s*(tip|turn)\\s+over\\s+(.+)\\s*$", "use_message": "A key, this one painted blue, falls out.", "item_change": 86, "item_use_state": 85}, "model": "gameworld.abstractuseitem", "pk": 46}, {"fields": {"use_pattern": "^\\s*unlock|(use\\s+(.+)\\s+on)\\s+DOOR\\s*$", "use_message": "You unlocked the door.", "item_change": null, "item_use_state": 74}, "model": "gameworld.abstractuseitem", "pk": 47}, {"fields": {"use_pattern": "^\\s*unlock|(use\\s+(.+)\\s+on)\\s+DOOR\\s*$", "use_message": "You unlocked the door.", "item_change": null, "item_use_state": 80}, "model": "gameworld.abstractuseitem", "pk": 48}, {"fields": {"use_pattern": "^\\s*(unlock|use\\s+(.+)\\s+on)\\s+south\\s+door\\s*$", "use_message": "The key sticks in the lock and, despite your best efforts,         breaks in half.", "item_change": null, "item_use_state": 84}, "model": "gameworld.abstractuseitem", "pk": 49}, {"fields": {"use_pattern": "^\\s*unlock|(use\\s+(.+)\\s+on)\\s+DOOR\\s*$", "use_message": "You unlocked the door.", "item_change": null, "item_use_state": 88}, "model": "gameworld.abstractuseitem", "pk": 50}, {"fields": {"on_item_change": 74, "consumed": false, "on_item": 73}, "model": "gameworld.usepickupableitem", "pk": 39}, {"fields": {"on_item_change": 80, "consumed": false, "on_item": 79}, "model": "gameworld.usepickupableitem", "pk": 42}, {"fields": {"on_item_change": 80, "consumed": false, "on_item": 79}, "model": "gameworld.usepickupableitem", "pk": 44}, {"fields": {"on_item_change": 84, "consumed": false, "on_item": 83}, "model": "gameworld.usepickupableitem", "pk": 45}, {"fields": {"on_item_change": 88, "consumed": false, "on_item": 87}, "model": "gameworld.usepickupableitem", "pk": 46}, {"fields": {"on_item_change": null, "consumed": true, "on_item": null}, "model": "gameworld.usepickupableitem", "pk": 49}, {"fields": {}, "model": "gameworld.usedecoration", "pk": 40}, {"fields": {}, "model": "gameworld.usedecoration", "pk": 41}, {"fields": {}, "model": "gameworld.usedecoration", "pk": 43}, {"fields": {"on_door": 49}, "model": "gameworld.usekey", "pk": 47}, {"fields": {"on_door": 50}, "model": "gameworld.usekey", "pk": 48}, {"fields": {"on_door": 52}, "model": "gameworld.usekey", "pk": 50}]